<?xml version="1.0" encoding="UTF-8"?>
<project-private xmlns="http://www.netbeans.org/ns/project-private/1">
    <editor-bookmarks xmlns="http://www.netbeans.org/ns/editor-bookmarks/2" lastBookmarkId="0"/>
    <open-files xmlns="http://www.netbeans.org/ns/projectui-open-files/2">
        <group>
            <file>file:/C:/Users/Wax26/OneDrive/Desktop/CIST%202931%20Advanced%20Systems%20Project/TeamOneSports/web/index.jsp</file>
            <file>file:/C:/Users/Wax26/OneDrive/Desktop/CIST%202931%20Advanced%20Systems%20Project/TeamOneSports/web/custindex.jsp</file>
        </group>
    </open-files>
</project-private>
